image_id_ext,split,local_path,hash_sha256,width,height,status,error
15494054561.jpg,val,data/raw/val_images/val_images/15494054561.jpg,,,,missing,"url filename mismatch: expected 15494054561.jpg, got 15335103603.jpg"
15579494055.jpg,val,data/raw/val_images/val_images/15579494055.jpg,,,,missing,"url filename mismatch: expected 15579494055.jpg, got 15518501005.jpg"
14419928610.jpg,val,data/raw/val_images/val_images/14419928610.jpg,,,,missing,"url filename mismatch: expected 14419928610.jpg, got 14410885600.jpg"
15332754747.jpg,val,data/raw/val_images/val_images/15332754747.jpg,,,,missing,"url filename mismatch: expected 15332754747.jpg, got 15405276141.jpg"
14417245929.jpg,val,data/raw/val_images/val_images/14417245929.jpg,,,,missing,"url filename mismatch: expected 14417245929.jpg, got 15929277786.jpg"
15620932559.jpg,val,data/raw/val_images/val_images/15620932559.jpg,,,,missing,"url filename mismatch: expected 15620932559.jpg, got 15834968714.jpg"
15662789316.jpg,val,data/raw/val_images/val_images/15662789316.jpg,,,,missing,"url filename mismatch: expected 15662789316.jpg, got 15522309714.jpg"
15857997017.jpg,val,data/raw/val_images/val_images/15857997017.jpg,,,,missing,"url filename mismatch: expected 15857997017.jpg, got 14254796425.jpg"
14409972018.jpg,val,data/raw/val_images/val_images/14409972018.jpg,,,,missing,"url filename mismatch: expected 14409972018.jpg, got 14170696049.jpg"
15429903701.jpg,val,data/raw/val_images/val_images/15429903701.jpg,,,,missing,"url filename mismatch: expected 15429903701.jpg, got 15422636354.jpg"
15701823236.jpg,val,data/raw/val_images/val_images/15701823236.jpg,,,,missing,"url filename mismatch: expected 15701823236.jpg, got 15396732155.jpg"
15593681262.jpg,val,data/raw/val_images/val_images/15593681262.jpg,,,,missing,"url filename mismatch: expected 15593681262.jpg, got 15603790727.jpg"
15742676630.jpg,val,data/raw/val_images/val_images/15742676630.jpg,,,,missing,"url filename mismatch: expected 15742676630.jpg, got 14060846681.jpg"
15253848649.jpg,val,data/raw/val_images/val_images/15253848649.jpg,,,,missing,"url filename mismatch: expected 15253848649.jpg, got 14447031866.jpg"
15329777063.jpg,val,data/raw/val_images/val_images/15329777063.jpg,,,,missing,"url filename mismatch: expected 15329777063.jpg, got 15751704616.jpg"
15536612047.jpg,val,data/raw/val_images/val_images/15536612047.jpg,,,,missing,"url filename mismatch: expected 15536612047.jpg, got 15343092137.jpg"
15497248641.jpg,val,data/raw/val_images/val_images/15497248641.jpg,,,,missing,"url filename mismatch: expected 15497248641.jpg, got 15382162309.jpg"
15809802932.jpg,val,data/raw/val_images/val_images/15809802932.jpg,,,,missing,"url filename mismatch: expected 15809802932.jpg, got 15493565827.jpg"
15258622842.jpg,val,data/raw/val_images/val_images/15258622842.jpg,,,,missing,"url filename mismatch: expected 15258622842.jpg, got 15508159010.jpg"
14406137568.jpg,val,data/raw/val_images/val_images/14406137568.jpg,,,,missing,"url filename mismatch: expected 14406137568.jpg, got 14308346715.jpg"
14138643172.jpg,val,data/raw/val_images/val_images/14138643172.jpg,,,,missing,"url filename mismatch: expected 14138643172.jpg, got 15294215048.jpg"
15846187212.jpg,val,data/raw/val_images/val_images/15846187212.jpg,,,,missing,"url filename mismatch: expected 15846187212.jpg, got 13978812603.jpg"
15117496294.jpg,val,data/raw/val_images/val_images/15117496294.jpg,,,,missing,"url filename mismatch: expected 15117496294.jpg, got 14390822959.jpg"
14227558475.jpg,test,data/raw/test_images/test_images/14227558475.jpg,,,,missing,"url filename mismatch: expected 14227558475.jpg, got 15308479427.jpg"
15488970039.jpg,test,data/raw/test_images/test_images/15488970039.jpg,,,,missing,"url filename mismatch: expected 15488970039.jpg, got 15539941990.jpg"
14451523201.jpg,test,data/raw/test_images/test_images/14451523201.jpg,,,,missing,"url filename mismatch: expected 14451523201.jpg, got 15927603695.jpg"
15925274677.jpg,test,data/raw/test_images/test_images/15925274677.jpg,,,,missing,"url filename mismatch: expected 15925274677.jpg, got 15273983587.jpg"
15735499628.jpg,test,data/raw/test_images/test_images/15735499628.jpg,,,,missing,"url filename mismatch: expected 15735499628.jpg, got 14008496634.jpg"
13973592891.jpg,test,data/raw/test_images/test_images/13973592891.jpg,,,,missing,"url filename mismatch: expected 13973592891.jpg, got 14335134040.jpg"
15345844634.jpg,test,data/raw/test_images/test_images/15345844634.jpg,,,,missing,"url filename mismatch: expected 15345844634.jpg, got 15833426327.jpg"
15497326124.jpg,test,data/raw/test_images/test_images/15497326124.jpg,,,,missing,"url filename mismatch: expected 15497326124.jpg, got 15784269003.jpg"
14345034667.jpg,test,data/raw/test_images/test_images/14345034667.jpg,,,,missing,"url filename mismatch: expected 14345034667.jpg, got 14654708532.jpg"
14099926203.jpg,test,data/raw/test_images/test_images/14099926203.jpg,,,,missing,"url filename mismatch: expected 14099926203.jpg, got 15262522712.jpg"
15436898008.jpg,test,data/raw/test_images/test_images/15436898008.jpg,,,,missing,"url filename mismatch: expected 15436898008.jpg, got 15682232103.jpg"
14211266849.jpg,test,data/raw/test_images/test_images/14211266849.jpg,,,,missing,"url filename mismatch: expected 14211266849.jpg, got 14242941407.jpg"
15357724336.jpg,test,data/raw/test_images/test_images/15357724336.jpg,,,,missing,"url filename mismatch: expected 15357724336.jpg, got 15908759639.jpg"
15291906392.jpg,test,data/raw/test_images/test_images/15291906392.jpg,,,,missing,"url filename mismatch: expected 15291906392.jpg, got 15185379734.jpg"
15691582615.jpg,test,data/raw/test_images/test_images/15691582615.jpg,,,,missing,"url filename mismatch: expected 15691582615.jpg, got 15903880179.jpg"
14416014777.jpg,test,data/raw/test_images/test_images/14416014777.jpg,,,,missing,"url filename mismatch: expected 14416014777.jpg, got 14199878544.jpg"
14214120146.jpg,test,data/raw/test_images/test_images/14214120146.jpg,,,,missing,"url filename mismatch: expected 14214120146.jpg, got 14214175498.jpg"
15316654342.jpg,test,data/raw/test_images/test_images/15316654342.jpg,,,,missing,"url filename mismatch: expected 15316654342.jpg, got 15356340032.jpg"
15146260608.jpg,test,data/raw/test_images/test_images/15146260608.jpg,,,,missing,"url filename mismatch: expected 15146260608.jpg, got 15538416292.jpg"
15493405948.jpg,test,data/raw/test_images/test_images/15493405948.jpg,,,,missing,"url filename mismatch: expected 15493405948.jpg, got 15096173236.jpg"
15903404690.jpg,test,data/raw/test_images/test_images/15903404690.jpg,,,,missing,"url filename mismatch: expected 15903404690.jpg, got 15468084372.jpg"
15221697180.jpg,test,data/raw/test_images/test_images/15221697180.jpg,,,,missing,"url filename mismatch: expected 15221697180.jpg, got 15373036147.jpg"
14378026088.jpg,test,data/raw/test_images/test_images/14378026088.jpg,,,,missing,"url filename mismatch: expected 14378026088.jpg, got 14429641685.jpg"
15527761789.jpg,test,data/raw/test_images/test_images/15527761789.jpg,,,,missing,"url filename mismatch: expected 15527761789.jpg, got 15007515707.jpg"
14411796180.jpg,test,data/raw/test_images/test_images/14411796180.jpg,,,,missing,"url filename mismatch: expected 14411796180.jpg, got 15906834412.jpg"
15429860421.jpg,test,data/raw/test_images/test_images/15429860421.jpg,,,,missing,"url filename mismatch: expected 15429860421.jpg, got 15492024867.jpg"
15251435290.jpg,test,data/raw/test_images/test_images/15251435290.jpg,,,,missing,"url filename mismatch: expected 15251435290.jpg, got 15517865239.jpg"
15494529853.jpg,test,data/raw/test_images/test_images/15494529853.jpg,,,,missing,"url filename mismatch: expected 15494529853.jpg, got 15781441252.jpg"
14474803358.jpg,test,data/raw/test_images/test_images/14474803358.jpg,,,,missing,"url filename mismatch: expected 14474803358.jpg, got 15430780702.jpg"
15413044114.jpg,test,data/raw/test_images/test_images/15413044114.jpg,,,,missing,"url filename mismatch: expected 15413044114.jpg, got 14481194962.jpg"
14594029315.jpg,test,data/raw/test_images/test_images/14594029315.jpg,,,,missing,"url filename mismatch: expected 14594029315.jpg, got 14469980452.jpg"
15491311013.jpg,test,data/raw/test_images/test_images/15491311013.jpg,,,,missing,"url filename mismatch: expected 15491311013.jpg, got 13827038407.jpg"
15140507587.jpg,test,data/raw/test_images/test_images/15140507587.jpg,,,,missing,"url filename mismatch: expected 15140507587.jpg, got 15510451417.jpg"
14004441493.jpg,test,data/raw/test_images/test_images/14004441493.jpg,,,,missing,"url filename mismatch: expected 14004441493.jpg, got 14347635668.jpg"
15870709687.jpg,test,data/raw/test_images/test_images/15870709687.jpg,,,,missing,"url filename mismatch: expected 15870709687.jpg, got 15856062594.jpg"
15873723195.jpg,test,data/raw/test_images/test_images/15873723195.jpg,,,,missing,"url filename mismatch: expected 15873723195.jpg, got 14296613730.jpg"
15574808119.jpg,test,data/raw/test_images/test_images/15574808119.jpg,,,,missing,"url filename mismatch: expected 15574808119.jpg, got 15542853142.jpg"
15018088600.jpg,test,data/raw/test_images/test_images/15018088600.jpg,,,,missing,"url filename mismatch: expected 15018088600.jpg, got 15849445901.jpg"
15344430004.jpg,test,data/raw/test_images/test_images/15344430004.jpg,,,,missing,"url filename mismatch: expected 15344430004.jpg, got 15531808931.jpg"
14401430898.jpg,test,data/raw/test_images/test_images/14401430898.jpg,,,,missing,"url filename mismatch: expected 14401430898.jpg, got 15165122332.jpg"
14025624359.jpg,test,data/raw/test_images/test_images/14025624359.jpg,,,,missing,"url filename mismatch: expected 14025624359.jpg, got 14353196321.jpg"
15438488151.jpg,test,data/raw/test_images/test_images/15438488151.jpg,,,,missing,"url filename mismatch: expected 15438488151.jpg, got 15104255158.jpg"
15394038568.jpg,test,data/raw/test_images/test_images/15394038568.jpg,,,,missing,"url filename mismatch: expected 15394038568.jpg, got 15377870752.jpg"
15569847513.jpg,test,data/raw/test_images/test_images/15569847513.jpg,,,,missing,"url filename mismatch: expected 15569847513.jpg, got 15577337579.jpg"
15424113406.jpg,test,data/raw/test_images/test_images/15424113406.jpg,,,,missing,"url filename mismatch: expected 15424113406.jpg, got 15904585625.jpg"
15494647605.jpg,test,data/raw/test_images/test_images/15494647605.jpg,,,,missing,"url filename mismatch: expected 15494647605.jpg, got 15534061103.jpg"
15809187914.jpg,test,data/raw/test_images/test_images/15809187914.jpg,,,,missing,"url filename mismatch: expected 15809187914.jpg, got 14080106686.jpg"
15885242205.jpg,test,data/raw/test_images/test_images/15885242205.jpg,,,,missing,"url filename mismatch: expected 15885242205.jpg, got 14306328833.jpg"
15279631915.jpg,test,data/raw/test_images/test_images/15279631915.jpg,,,,missing,"url filename mismatch: expected 15279631915.jpg, got 15865181709.jpg"
14559975713.jpg,test,data/raw/test_images/test_images/14559975713.jpg,,,,missing,"url filename mismatch: expected 14559975713.jpg, got 15121211380.jpg"
15459175767.jpg,test,data/raw/test_images/test_images/15459175767.jpg,,,,missing,"url filename mismatch: expected 15459175767.jpg, got 15469065732.jpg"
15334807705.jpg,test,data/raw/test_images/test_images/15334807705.jpg,,,,missing,"url filename mismatch: expected 15334807705.jpg, got 14101399546.jpg"
15886440123.jpg,test,data/raw/test_images/test_images/15886440123.jpg,,,,missing,"url filename mismatch: expected 15886440123.jpg, got 14313063276.jpg"
15157978453.jpg,test,data/raw/test_images/test_images/15157978453.jpg,,,,missing,"url filename mismatch: expected 15157978453.jpg, got 15283770137.jpg"
15523373651.jpg,test,data/raw/test_images/test_images/15523373651.jpg,,,,missing,"url filename mismatch: expected 15523373651.jpg, got 15523530350.jpg"
15910938211.jpg,test,data/raw/test_images/test_images/15910938211.jpg,,,,missing,"url filename mismatch: expected 15910938211.jpg, got 15790314098.jpg"
15221826805.jpg,test,data/raw/test_images/test_images/15221826805.jpg,,,,missing,"url filename mismatch: expected 15221826805.jpg, got 15890571153.jpg"
15513447617.jpg,test,data/raw/test_images/test_images/15513447617.jpg,,,,missing,"url filename mismatch: expected 15513447617.jpg, got 15805536951.jpg"
14420253321.jpg,test,data/raw/test_images/test_images/14420253321.jpg,,,,missing,"url filename mismatch: expected 14420253321.jpg, got 14085499720.jpg"
15922537378.jpg,test,data/raw/test_images/test_images/15922537378.jpg,,,,missing,"url filename mismatch: expected 15922537378.jpg, got 14321681995.jpg"
15829192606.jpg,test,data/raw/test_images/test_images/15829192606.jpg,,,,missing,"url filename mismatch: expected 15829192606.jpg, got 15390951148.jpg"
15291425416.jpg,test,data/raw/test_images/test_images/15291425416.jpg,,,,missing,"url filename mismatch: expected 15291425416.jpg, got 15528004576.jpg"
15884779935.jpg,test,data/raw/test_images/test_images/15884779935.jpg,,,,missing,"url filename mismatch: expected 15884779935.jpg, got 14028805173.jpg"
14120493870.jpg,test,data/raw/test_images/test_images/14120493870.jpg,,,,missing,"url filename mismatch: expected 14120493870.jpg, got 14438318480.jpg"
14387592753.jpg,test,data/raw/test_images/test_images/14387592753.jpg,,,,missing,"url filename mismatch: expected 14387592753.jpg, got 14481200244.jpg"
14340959208.jpg,test,data/raw/test_images/test_images/14340959208.jpg,,,,missing,"url filename mismatch: expected 14340959208.jpg, got 14442443953.jpg"
13895193158.jpg,test,data/raw/test_images/test_images/13895193158.jpg,,,,missing,"url filename mismatch: expected 13895193158.jpg, got 14236948563.jpg"
15220240567.jpg,test,data/raw/test_images/test_images/15220240567.jpg,,,,missing,"url filename mismatch: expected 15220240567.jpg, got 14331898280.jpg"
15136800209.jpg,test,data/raw/test_images/test_images/15136800209.jpg,,,,missing,"url filename mismatch: expected 15136800209.jpg, got 14273545912.jpg"
15573575162.jpg,test,data/raw/test_images/test_images/15573575162.jpg,,,,missing,"url filename mismatch: expected 15573575162.jpg, got 14320929119.jpg"
14415852194.jpg,test,data/raw/test_images/test_images/14415852194.jpg,,,,missing,"url filename mismatch: expected 14415852194.jpg, got 14330640331.jpg"
15832123114.jpg,test,data/raw/test_images/test_images/15832123114.jpg,,,,missing,"url filename mismatch: expected 15832123114.jpg, got 15362438628.jpg"
15553624853.jpg,test,data/raw/test_images/test_images/15553624853.jpg,,,,missing,"url filename mismatch: expected 15553624853.jpg, got 15536015883.jpg"
15575284492.jpg,test,data/raw/test_images/test_images/15575284492.jpg,,,,missing,"url filename mismatch: expected 15575284492.jpg, got 15572304585.jpg"
13950486481.jpg,test,data/raw/test_images/test_images/13950486481.jpg,,,,missing,"url filename mismatch: expected 13950486481.jpg, got 15850557246.jpg"
15387891383.jpg,test,data/raw/test_images/test_images/15387891383.jpg,,,,missing,"url filename mismatch: expected 15387891383.jpg, got 15917705696.jpg"
15852364222.jpg,test,data/raw/test_images/test_images/15852364222.jpg,,,,missing,"url filename mismatch: expected 15852364222.jpg, got 14492483077.jpg"
15569868932.jpg,test,data/raw/test_images/test_images/15569868932.jpg,,,,missing,"url filename mismatch: expected 15569868932.jpg, got 14254485939.jpg"
14352370917.jpg,test,data/raw/test_images/test_images/14352370917.jpg,,,,missing,"url filename mismatch: expected 14352370917.jpg, got 14254977525.jpg"
15305037836.jpg,test,data/raw/test_images/test_images/15305037836.jpg,,,,missing,"url filename mismatch: expected 15305037836.jpg, got 15354884080.jpg"
15209334691.jpg,test,data/raw/test_images/test_images/15209334691.jpg,,,,missing,"url filename mismatch: expected 15209334691.jpg, got 15348620574.jpg"
14138631503.jpg,test,data/raw/test_images/test_images/14138631503.jpg,,,,missing,"url filename mismatch: expected 14138631503.jpg, got 15292169652.jpg"
15912299153.jpg,test,data/raw/test_images/test_images/15912299153.jpg,,,,missing,"url filename mismatch: expected 15912299153.jpg, got 15779460904.jpg"
14431696748.jpg,test,data/raw/test_images/test_images/14431696748.jpg,,,,missing,"url filename mismatch: expected 14431696748.jpg, got 14429959795.jpg"
15544166760.jpg,test,data/raw/test_images/test_images/15544166760.jpg,,,,missing,"url filename mismatch: expected 15544166760.jpg, got 15060236415.jpg"
15605314154.jpg,test,data/raw/test_images/test_images/15605314154.jpg,,,,missing,"url filename mismatch: expected 15605314154.jpg, got 15851465890.jpg"
13614650277.jpg,test,data/raw/test_images/test_images/13614650277.jpg,,,,missing,"url filename mismatch: expected 13614650277.jpg, got 15819987008.jpg"
14072202767.jpg,test,data/raw/test_images/test_images/14072202767.jpg,,,,missing,"url filename mismatch: expected 14072202767.jpg, got 14433188873.jpg"
15270097924.jpg,test,data/raw/test_images/test_images/15270097924.jpg,,,,missing,"url filename mismatch: expected 15270097924.jpg, got 15498089578.jpg"
15536613874.jpg,test,data/raw/test_images/test_images/15536613874.jpg,,,,missing,"url filename mismatch: expected 15536613874.jpg, got 15570013924.jpg"
15800866381.jpg,test,data/raw/test_images/test_images/15800866381.jpg,,,,missing,"url filename mismatch: expected 15800866381.jpg, got 14399812566.jpg"
14398984019.jpg,test,data/raw/test_images/test_images/14398984019.jpg,,,,missing,"url filename mismatch: expected 14398984019.jpg, got 14392738773.jpg"
15278586881.jpg,test,data/raw/test_images/test_images/15278586881.jpg,,,,missing,"url filename mismatch: expected 15278586881.jpg, got 15472577705.jpg"
15553827774.jpg,test,data/raw/test_images/test_images/15553827774.jpg,,,,missing,"url filename mismatch: expected 15553827774.jpg, got 15304971659.jpg"
14078217994.jpg,test,data/raw/test_images/test_images/14078217994.jpg,,,,missing,"url filename mismatch: expected 14078217994.jpg, got 15892771020.jpg"
14433076508.jpg,test,data/raw/test_images/test_images/14433076508.jpg,,,,missing,"url filename mismatch: expected 14433076508.jpg, got 14347316400.jpg"
14215765048.jpg,test,data/raw/test_images/test_images/14215765048.jpg,,,,missing,"url filename mismatch: expected 14215765048.jpg, got 14250544904.jpg"
15688702260.jpg,test,data/raw/test_images/test_images/15688702260.jpg,,,,missing,"url filename mismatch: expected 15688702260.jpg, got 15088594333.jpg"
15526967252.jpg,test,data/raw/test_images/test_images/15526967252.jpg,,,,missing,"url filename mismatch: expected 15526967252.jpg, got 15610529657.jpg"
15740766987.jpg,test,data/raw/test_images/test_images/15740766987.jpg,,,,missing,"url filename mismatch: expected 15740766987.jpg, got 14060846458.jpg"
15313659680.jpg,test,data/raw/test_images/test_images/15313659680.jpg,,,,missing,"url filename mismatch: expected 15313659680.jpg, got 15543644687.jpg"
15890546006.jpg,test,data/raw/test_images/test_images/15890546006.jpg,,,,missing,"url filename mismatch: expected 15890546006.jpg, got 14107107019.jpg"
15415959669.jpg,test,data/raw/test_images/test_images/15415959669.jpg,,,,missing,"url filename mismatch: expected 15415959669.jpg, got 15403602143.jpg"
15203489673.jpg,test,data/raw/test_images/test_images/15203489673.jpg,,,,missing,"url filename mismatch: expected 15203489673.jpg, got 14599856816.jpg"
15878979007.jpg,test,data/raw/test_images/test_images/15878979007.jpg,,,,missing,"url filename mismatch: expected 15878979007.jpg, got 15236106513.jpg"
15295106751.jpg,test,data/raw/test_images/test_images/15295106751.jpg,,,,missing,"url filename mismatch: expected 15295106751.jpg, got 14469270409.jpg"
15814506048.jpg,test,data/raw/test_images/test_images/15814506048.jpg,,,,missing,"url filename mismatch: expected 15814506048.jpg, got 15572269998.jpg"
15124607479.jpg,test,data/raw/test_images/test_images/15124607479.jpg,,,,missing,"url filename mismatch: expected 15124607479.jpg, got 15488315575.jpg"
15345858134.jpg,test,data/raw/test_images/test_images/15345858134.jpg,,,,missing,"url filename mismatch: expected 15345858134.jpg, got 15261517443.jpg"
15519094161.jpg,test,data/raw/test_images/test_images/15519094161.jpg,,,,missing,"url filename mismatch: expected 15519094161.jpg, got 15151481279.jpg"
14340960732.jpg,test,data/raw/test_images/test_images/14340960732.jpg,,,,missing,"url filename mismatch: expected 14340960732.jpg, got 13746199021.jpg"
15481278798.jpg,test,data/raw/test_images/test_images/15481278798.jpg,,,,missing,"url filename mismatch: expected 15481278798.jpg, got 15819022929.jpg"
15451385154.jpg,test,data/raw/test_images/test_images/15451385154.jpg,,,,missing,"url filename mismatch: expected 15451385154.jpg, got 15248988264.jpg"
15846873016.jpg,test,data/raw/test_images/test_images/15846873016.jpg,,,,missing,"url filename mismatch: expected 15846873016.jpg, got 15013080943.jpg"
15850329723.jpg,test,data/raw/test_images/test_images/15850329723.jpg,,,,missing,"url filename mismatch: expected 15850329723.jpg, got 15731895794.jpg"
14425553227.jpg,test,data/raw/test_images/test_images/14425553227.jpg,,,,missing,"url filename mismatch: expected 14425553227.jpg, got 13668667919.jpg"
15836133713.jpg,test,data/raw/test_images/test_images/15836133713.jpg,,,,missing,"url filename mismatch: expected 15836133713.jpg, got 15895136366.jpg"
15576200126.jpg,test,data/raw/test_images/test_images/15576200126.jpg,,,,missing,"url filename mismatch: expected 15576200126.jpg, got 15573996753.jpg"
15413703257.jpg,test,data/raw/test_images/test_images/15413703257.jpg,,,,missing,"url filename mismatch: expected 15413703257.jpg, got 15538763528.jpg"
15821201041.jpg,test,data/raw/test_images/test_images/15821201041.jpg,,,,missing,"url filename mismatch: expected 15821201041.jpg, got 15155045147.jpg"
15835975768.jpg,test,data/raw/test_images/test_images/15835975768.jpg,,,,missing,"url filename mismatch: expected 15835975768.jpg, got 13985382351.jpg"
15796853679.jpg,test,data/raw/test_images/test_images/15796853679.jpg,,,,missing,"url filename mismatch: expected 15796853679.jpg, got 14074958123.jpg"
13967668493.jpg,test,data/raw/test_images/test_images/13967668493.jpg,,,,missing,"url filename mismatch: expected 13967668493.jpg, got 14354731968.jpg"
13466195989.jpg,test,data/raw/test_images/test_images/13466195989.jpg,,,,missing,"url filename mismatch: expected 13466195989.jpg, got 15902633472.jpg"
15595663710.jpg,test,data/raw/test_images/test_images/15595663710.jpg,,,,missing,"url filename mismatch: expected 15595663710.jpg, got 15802331275.jpg"
15394123645.jpg,test,data/raw/test_images/test_images/15394123645.jpg,,,,missing,"url filename mismatch: expected 15394123645.jpg, got 15370080249.jpg"
14431621945.jpg,test,data/raw/test_images/test_images/14431621945.jpg,,,,missing,"url filename mismatch: expected 14431621945.jpg, got 15312046635.jpg"
14621248874.jpg,test,data/raw/test_images/test_images/14621248874.jpg,,,,missing,"url filename mismatch: expected 14621248874.jpg, got 14276072119.jpg"
15357233706.jpg,test,data/raw/test_images/test_images/15357233706.jpg,,,,missing,"url filename mismatch: expected 15357233706.jpg, got 15273698552.jpg"
15306325342.jpg,test,data/raw/test_images/test_images/15306325342.jpg,,,,missing,"url filename mismatch: expected 15306325342.jpg, got 15210850234.jpg"
15308110422.jpg,test,data/raw/test_images/test_images/15308110422.jpg,,,,missing,"url filename mismatch: expected 15308110422.jpg, got 15359915890.jpg"
14378171420.jpg,test,data/raw/test_images/test_images/14378171420.jpg,,,,missing,"url filename mismatch: expected 14378171420.jpg, got 15902633553.jpg"
15273591405.jpg,test,data/raw/test_images/test_images/15273591405.jpg,,,,missing,"url filename mismatch: expected 15273591405.jpg, got 15452943451.jpg"
15478263496.jpg,test,data/raw/test_images/test_images/15478263496.jpg,,,,missing,"url filename mismatch: expected 15478263496.jpg, got 14934211487.jpg"
14438802774.jpg,test,data/raw/test_images/test_images/14438802774.jpg,,,,missing,"url filename mismatch: expected 14438802774.jpg, got 14341121430.jpg"
15625479896.jpg,test,data/raw/test_images/test_images/15625479896.jpg,,,,missing,"url filename mismatch: expected 15625479896.jpg, got 15061608207.jpg"
14689236896.jpg,test,data/raw/test_images/test_images/14689236896.jpg,,,,missing,"url filename mismatch: expected 14689236896.jpg, got 14330968259.jpg"
15837449061.jpg,test,data/raw/test_images/test_images/15837449061.jpg,,,,missing,"url filename mismatch: expected 15837449061.jpg, got 14601763560.jpg"
15834422108.jpg,test,data/raw/test_images/test_images/15834422108.jpg,,,,missing,"url filename mismatch: expected 15834422108.jpg, got 14251763419.jpg"
15484578400.jpg,test,data/raw/test_images/test_images/15484578400.jpg,,,,missing,"url filename mismatch: expected 15484578400.jpg, got 15509478164.jpg"
15305226192.jpg,test,data/raw/test_images/test_images/15305226192.jpg,,,,missing,"url filename mismatch: expected 15305226192.jpg, got 15446580066.jpg"
15536586450.jpg,test,data/raw/test_images/test_images/15536586450.jpg,,,,missing,"url filename mismatch: expected 15536586450.jpg, got 15338685482.jpg"
14352876590.jpg,test,data/raw/test_images/test_images/14352876590.jpg,,,,missing,"url filename mismatch: expected 14352876590.jpg, got 14231008982.jpg"
15519407488.jpg,test,data/raw/test_images/test_images/15519407488.jpg,,,,missing,"url filename mismatch: expected 15519407488.jpg, got 15153396247.jpg"
14594014454.jpg,test,data/raw/test_images/test_images/14594014454.jpg,,,,missing,"url filename mismatch: expected 14594014454.jpg, got 15356593098.jpg"
14278842934.jpg,test,data/raw/test_images/test_images/14278842934.jpg,,,,missing,"url filename mismatch: expected 14278842934.jpg, got 14268504782.jpg"
14168285191.jpg,test,data/raw/test_images/test_images/14168285191.jpg,,,,missing,"url filename mismatch: expected 14168285191.jpg, got 15496513179.jpg"
15526431093.jpg,test,data/raw/test_images/test_images/15526431093.jpg,,,,missing,"url filename mismatch: expected 15526431093.jpg, got 15451268826.jpg"
15244093482.jpg,test,data/raw/test_images/test_images/15244093482.jpg,,,,missing,"url filename mismatch: expected 15244093482.jpg, got 15394573174.jpg"
15531442474.jpg,test,data/raw/test_images/test_images/15531442474.jpg,,,,missing,"url filename mismatch: expected 15531442474.jpg, got 15294275615.jpg"
14443186375.jpg,test,data/raw/test_images/test_images/14443186375.jpg,,,,missing,"url filename mismatch: expected 14443186375.jpg, got 15180713663.jpg"
15098613626.jpg,test,data/raw/test_images/test_images/15098613626.jpg,,,,missing,"url filename mismatch: expected 15098613626.jpg, got 14233378299.jpg"
15759798767.jpg,test,data/raw/test_images/test_images/15759798767.jpg,,,,missing,"url filename mismatch: expected 15759798767.jpg, got 14068015999.jpg"
14239609083.jpg,test,data/raw/test_images/test_images/14239609083.jpg,,,,missing,"url filename mismatch: expected 14239609083.jpg, got 15864163524.jpg"
15849212426.jpg,test,data/raw/test_images/test_images/15849212426.jpg,,,,missing,"url filename mismatch: expected 15849212426.jpg, got 13358650540.jpg"
15098610048.jpg,test,data/raw/test_images/test_images/15098610048.jpg,,,,missing,"url filename mismatch: expected 15098610048.jpg, got 14785676690.jpg"
15832240852.jpg,test,data/raw/test_images/test_images/15832240852.jpg,,,,missing,"url filename mismatch: expected 15832240852.jpg, got 15506234960.jpg"
15510312665.jpg,test,data/raw/test_images/test_images/15510312665.jpg,,,,missing,"url filename mismatch: expected 15510312665.jpg, got 15575040624.jpg"
13960426325.jpg,test,data/raw/test_images/test_images/13960426325.jpg,,,,missing,"url filename mismatch: expected 13960426325.jpg, got 15311936006.jpg"
15490411394.jpg,test,data/raw/test_images/test_images/15490411394.jpg,,,,missing,"url filename mismatch: expected 15490411394.jpg, got 13825588366.jpg"
15888923572.jpg,test,data/raw/test_images/test_images/15888923572.jpg,,,,missing,"url filename mismatch: expected 15888923572.jpg, got 15770055465.jpg"
14319681279.jpg,test,data/raw/test_images/test_images/14319681279.jpg,,,,missing,"url filename mismatch: expected 14319681279.jpg, got 14350787435.jpg"
15063538131.jpg,test,data/raw/test_images/test_images/15063538131.jpg,,,,missing,"url filename mismatch: expected 15063538131.jpg, got 14402397695.jpg"
15731786702.jpg,test,data/raw/test_images/test_images/15731786702.jpg,,,,missing,"url filename mismatch: expected 15731786702.jpg, got 14441533239.jpg"
15563443905.jpg,test,data/raw/test_images/test_images/15563443905.jpg,,,,missing,"url filename mismatch: expected 15563443905.jpg, got 15271495532.jpg"
15043101309.jpg,test,data/raw/test_images/test_images/15043101309.jpg,,,,missing,"url filename mismatch: expected 15043101309.jpg, got 13822108884.jpg"
15910626744.jpg,test,data/raw/test_images/test_images/15910626744.jpg,,,,missing,"url filename mismatch: expected 15910626744.jpg, got 14477954742.jpg"
14437425061.jpg,test,data/raw/test_images/test_images/14437425061.jpg,,,,missing,"url filename mismatch: expected 14437425061.jpg, got 14353865701.jpg"
14421697465.jpg,test,data/raw/test_images/test_images/14421697465.jpg,,,,missing,"url filename mismatch: expected 14421697465.jpg, got 15168476676.jpg"
15344844273.jpg,test,data/raw/test_images/test_images/15344844273.jpg,,,,missing,"url filename mismatch: expected 15344844273.jpg, got 15774511412.jpg"
15909403595.jpg,test,data/raw/test_images/test_images/15909403595.jpg,,,,missing,"url filename mismatch: expected 15909403595.jpg, got 15261044672.jpg"
15912407437.jpg,test,data/raw/test_images/test_images/15912407437.jpg,,,,missing,"url filename mismatch: expected 15912407437.jpg, got 15064176154.jpg"
15428564158.jpg,test,data/raw/test_images/test_images/15428564158.jpg,,,,missing,"url filename mismatch: expected 15428564158.jpg, got 14456018536.jpg"
14494940498.jpg,test,data/raw/test_images/test_images/14494940498.jpg,,,,missing,"url filename mismatch: expected 14494940498.jpg, got 15446580324.jpg"
15595663331.jpg,test,data/raw/test_images/test_images/15595663331.jpg,,,,missing,"url filename mismatch: expected 15595663331.jpg, got 15791360239.jpg"
15490228365.jpg,test,data/raw/test_images/test_images/15490228365.jpg,,,,missing,"url filename mismatch: expected 15490228365.jpg, got 15269860192.jpg"
15770241622.jpg,test,data/raw/test_images/test_images/15770241622.jpg,,,,missing,"url filename mismatch: expected 15770241622.jpg, got 14520395153.jpg"
15195249372.jpg,test,data/raw/test_images/test_images/15195249372.jpg,,,,missing,"url filename mismatch: expected 15195249372.jpg, got 14382898375.jpg"
15315974774.jpg,test,data/raw/test_images/test_images/15315974774.jpg,,,,missing,"url filename mismatch: expected 15315974774.jpg, got 15444152319.jpg"
15767637317.jpg,test,data/raw/test_images/test_images/15767637317.jpg,,,,missing,"url filename mismatch: expected 15767637317.jpg, got 15463034789.jpg"
15529211480.jpg,test,data/raw/test_images/test_images/15529211480.jpg,,,,missing,"url filename mismatch: expected 15529211480.jpg, got 15822510884.jpg"
14329858907.jpg,test,data/raw/test_images/test_images/14329858907.jpg,,,,missing,"url filename mismatch: expected 14329858907.jpg, got 15432507413.jpg"
15184645009.jpg,test,data/raw/test_images/test_images/15184645009.jpg,,,,missing,"url filename mismatch: expected 15184645009.jpg, got 15565515017.jpg"
15388664588.jpg,test,data/raw/test_images/test_images/15388664588.jpg,,,,missing,"url filename mismatch: expected 15388664588.jpg, got 15458441842.jpg"
15839518481.jpg,test,data/raw/test_images/test_images/15839518481.jpg,,,,missing,"url filename mismatch: expected 15839518481.jpg, got 14126572962.jpg"
15376815001.jpg,test,data/raw/test_images/test_images/15376815001.jpg,,,,missing,"url filename mismatch: expected 15376815001.jpg, got 15437617361.jpg"
15862199268.jpg,test,data/raw/test_images/test_images/15862199268.jpg,,,,missing,"url filename mismatch: expected 15862199268.jpg, got 15265434101.jpg"
13850548587.jpg,test,data/raw/test_images/test_images/13850548587.jpg,,,,missing,"url filename mismatch: expected 13850548587.jpg, got 15603157004.jpg"
15095528497.jpg,test,data/raw/test_images/test_images/15095528497.jpg,,,,missing,"url filename mismatch: expected 15095528497.jpg, got 15487908803.jpg"
15659145125.jpg,test,data/raw/test_images/test_images/15659145125.jpg,,,,missing,"url filename mismatch: expected 15659145125.jpg, got 13973735630.jpg"
15594125172.jpg,test,data/raw/test_images/test_images/15594125172.jpg,,,,missing,"url filename mismatch: expected 15594125172.jpg, got 14283954254.jpg"
15637163245.jpg,test,data/raw/test_images/test_images/15637163245.jpg,,,,missing,"url filename mismatch: expected 15637163245.jpg, got 15031087595.jpg"
15591028346.jpg,test,data/raw/test_images/test_images/15591028346.jpg,,,,missing,"url filename mismatch: expected 15591028346.jpg, got 15560295934.jpg"
15357335803.jpg,test,data/raw/test_images/test_images/15357335803.jpg,,,,missing,"url filename mismatch: expected 15357335803.jpg, got 15697524495.jpg"
15236481180.jpg,test,data/raw/test_images/test_images/15236481180.jpg,,,,missing,"url filename mismatch: expected 15236481180.jpg, got 13826982931.jpg"
15439220203.jpg,test,data/raw/test_images/test_images/15439220203.jpg,,,,missing,"url filename mismatch: expected 15439220203.jpg, got 15873245307.jpg"
15910626887.jpg,test,data/raw/test_images/test_images/15910626887.jpg,,,,missing,"url filename mismatch: expected 15910626887.jpg, got 14347214436.jpg"
15305962148.jpg,test,data/raw/test_images/test_images/15305962148.jpg,,,,missing,"url filename mismatch: expected 15305962148.jpg, got 15521574440.jpg"
14229354503.jpg,test,data/raw/test_images/test_images/14229354503.jpg,,,,missing,"url filename mismatch: expected 14229354503.jpg, got 15894345740.jpg"
15736467404.jpg,test,data/raw/test_images/test_images/15736467404.jpg,,,,missing,"url filename mismatch: expected 15736467404.jpg, got 15110700678.jpg"
15511500790.jpg,test,data/raw/test_images/test_images/15511500790.jpg,,,,missing,"url filename mismatch: expected 15511500790.jpg, got 15140457516.jpg"
15273591576.jpg,test,data/raw/test_images/test_images/15273591576.jpg,,,,missing,"url filename mismatch: expected 15273591576.jpg, got 15452508977.jpg"
15390213890.jpg,test,data/raw/test_images/test_images/15390213890.jpg,,,,missing,"url filename mismatch: expected 15390213890.jpg, got 15221721531.jpg"
15444279437.jpg,test,data/raw/test_images/test_images/15444279437.jpg,,,,missing,"url filename mismatch: expected 15444279437.jpg, got 15537326832.jpg"
15573044574.jpg,test,data/raw/test_images/test_images/15573044574.jpg,,,,missing,"url filename mismatch: expected 15573044574.jpg, got 15129927640.jpg"
15819623005.jpg,test,data/raw/test_images/test_images/15819623005.jpg,,,,missing,"url filename mismatch: expected 15819623005.jpg, got 14199061689.jpg"
15162136190.jpg,test,data/raw/test_images/test_images/15162136190.jpg,,,,missing,"url filename mismatch: expected 15162136190.jpg, got 14301165657.jpg"
15421289470.jpg,test,data/raw/test_images/test_images/15421289470.jpg,,,,missing,"url filename mismatch: expected 15421289470.jpg, got 15831411056.jpg"
14339705891.jpg,test,data/raw/test_images/test_images/14339705891.jpg,,,,missing,"url filename mismatch: expected 14339705891.jpg, got 14363860329.jpg"
15530410981.jpg,test,data/raw/test_images/test_images/15530410981.jpg,,,,missing,"url filename mismatch: expected 15530410981.jpg, got 15438106514.jpg"
14263911025.jpg,test,data/raw/test_images/test_images/14263911025.jpg,,,,missing,"url filename mismatch: expected 14263911025.jpg, got 14421873338.jpg"
13866314264.jpg,test,data/raw/test_images/test_images/13866314264.jpg,,,,missing,"url filename mismatch: expected 13866314264.jpg, got 15324149471.jpg"
